Employee_ID,Employee_Name,Department,Job_Role,Experience_Years,Monthly_Salary,Age,City,Gender
1,Rohan Jain,Finance,Engineer,12,95806,39,Noida,Male
2,Karan Mehta,HR,Manager,3,76191,42,Jaipur,Female
3,Priya Patel,IT,Engineer,5,77736,30,Faridabad,Female
4,Meera Jain,Sales,Specialist,2,63771,45,Noida,Male
5,Rohan Verma,Sales,Associate,6,49798,35,Faridabad,Male
6,Karan Gupta,Marketing,Engineer,12,98632,37,Faridabad,Female
7,Arjun Yadav,Operations,Engineer,1,43854,38,Gurugram,Female
8,Neha Singh,Marketing,Executive,9,65028,36,Pune,Male
9,Karan Malhotra,IT,Engineer,8,79844,33,Delhi,Male
10,Ananya Jain,IT,Manager,0,81492,44,Delhi,Female
11,Aarav Kumar,Finance,Associate,2,47216,27,Gurugram,Male
12,Ananya Mehta,Sales,Engineer,6,77518,22,Delhi,Female
13,Kabir Gupta,IT,Specialist,7,77150,23,Jaipur,Male
14,Aarav Kumar,Finance,Specialist,2,65085,43,Pune,Male
15,Meera Gupta,IT,Associate,8,56695,40,Jaipur,Female
16,Rahul Jain,Operations,Engineer,4,66330,35,Noida,Male
17,Kabir Verma,Finance,Engineer,12,90514,33,Pune,Male
18,Meera Singh,Marketing,Manager,5,84511,31,Gurugram,Male
19,Ananya Patel,Sales,Engineer,8,73085,33,Delhi,Male
20,Diya Patel,Marketing,Specialist,7,68206,25,Delhi,Male
21,Karan Patel,Sales,Executive,11,69837,37,Pune,Male
22,Meera Jain,Finance,Executive,3,42903,23,Delhi,Male
23,Vivaan Yadav,Operations,Analyst,7,67216,21,Delhi,Male
24,Rohan Malhotra,Marketing,Specialist,1,46471,43,Faridabad,Male
25,Karan Kumar,Sales,Associate,7,63037,22,Pune,Female
26,Ananya Yadav,Operations,Associate,0,26634,23,Faridabad,Female
27,Aditya Singh,Sales,Associate,3,43564,29,Delhi,Female
28,Aarav Patel,IT,Executive,7,57941,38,Pune,Female
29,Ananya Singh,Sales,Associate,6,61307,37,Gurugram,Male
30,Rohan Kumar,HR,Specialist,11,88185,43,Delhi,Male
31,Karan Yadav,IT,Associate,2,43653,44,Faridabad,Male
32,Arjun Yadav,Sales,Analyst,7,68578,23,Pune,Male
33,Priya Patel,Sales,Associate,8,74060,21,Faridabad,Male
34,Arjun Mehta,HR,Specialist,4,63316,37,Delhi,Female
35,Neha Yadav,Marketing,Engineer,10,75410,33,Noida,Female
36,Vivaan Kumar,Marketing,Associate,10,62597,21,Faridabad,Male
37,Arjun Gupta,IT,Analyst,4,55967,37,Faridabad,Female
38,Neha Kumar,Marketing,Specialist,12,77004,23,Faridabad,Male
39,Aisha Gupta,Sales,Manager,7,98742,21,Faridabad,Male
40,Rahul Sharma,HR,Manager,4,70390,38,Delhi,Female
41,Rahul Verma,HR,Specialist,9,81945,30,Gurugram,Female
42,Aarav Patel,HR,Analyst,7,58938,42,Jaipur,Female
43,Meera Malhotra,IT,Executive,2,47597,24,Jaipur,Female
44,Neha Gupta,Sales,Analyst,7,56448,22,Gurugram,Female
45,Priya Yadav,Finance,Specialist,2,69202,42,Delhi,Female
46,Aisha Yadav,HR,Executive,5,40429,25,Delhi,Female
47,Arjun Yadav,Operations,Manager,11,112347,40,Pune,Male
48,Karan Singh,Operations,Associate,6,45103,38,Faridabad,Female
49,Meera Malhotra,Finance,Specialist,2,48367,25,Gurugram,Male
50,Aisha Patel,Sales,Specialist,6,72967,41,Delhi,Female
51,Kabir Patel,Operations,Executive,0,25158,41,Delhi,Female
52,Aisha Kumar,Marketing,Manager,6,88598,43,Noida,Female
53,Isha Malhotra,Operations,Executive,2,41338,27,Faridabad,Male
54,Rahul Malhotra,Finance,Specialist,4,73104,42,Jaipur,Female
55,Isha Sharma,Operations,Executive,3,56588,33,Faridabad,Female
56,Meera Singh,Sales,Executive,0,25948,38,Noida,Female
57,Meera Gupta,IT,Analyst,0,45368,21,Gurugram,Male
58,Priya Verma,Operations,Engineer,12,95269,39,Gurugram,Male
59,Isha Verma,HR,Analyst,9,79694,29,Faridabad,Female
60,Priya Mehta,Sales,Manager,1,70248,45,Jaipur,Male
61,Aditya Sharma,HR,Analyst,3,56362,36,Faridabad,Female
62,Karan Jain,Marketing,Analyst,6,58029,25,Faridabad,Male
63,Aarav Sharma,Marketing,Manager,6,88144,40,Delhi,Female
64,Aditya Sharma,Sales,Manager,10,106831,32,Jaipur,Male
65,Aisha Singh,HR,Associate,11,74244,35,Jaipur,Male
66,Ananya Singh,HR,Associate,11,70628,41,Faridabad,Male
67,Rahul Malhotra,Operations,Analyst,6,62914,23,Jaipur,Male
68,Aisha Patel,Finance,Associate,1,30219,32,Delhi,Male
69,Ananya Verma,HR,Specialist,6,56923,22,Jaipur,Male
70,Aditya Mehta,Operations,Manager,5,84815,21,Pune,Female
71,Priya Yadav,HR,Analyst,6,57970,30,Gurugram,Male
72,Priya Verma,Sales,Specialist,2,51505,40,Faridabad,Female
73,Meera Patel,Sales,Manager,8,103881,37,Delhi,Female
74,Rohan Yadav,Finance,Analyst,5,67433,32,Jaipur,Female
75,Rohan Kumar,Sales,Manager,12,110128,23,Noida,Female
76,Aisha Patel,IT,Analyst,1,44773,34,Delhi,Male
77,Diya Malhotra,Marketing,Specialist,5,73557,32,Faridabad,Male
78,Arjun Malhotra,Finance,Executive,11,69588,38,Faridabad,Female
79,Aisha Sharma,IT,Manager,8,95736,21,Jaipur,Female
80,Priya Gupta,Operations,Manager,11,96879,26,Gurugram,Male
81,Vivaan Kumar,IT,Manager,8,102901,42,Delhi,Female
82,Rohan Malhotra,IT,Analyst,10,76073,42,Noida,Male
83,Rohan Kumar,Marketing,Analyst,12,85530,23,Jaipur,Male
84,Rohan Malhotra,Finance,Manager,4,80609,39,Delhi,Male
85,Aarav Mehta,Finance,Specialist,8,64419,28,Gurugram,Female
86,Kabir Gupta,HR,Executive,5,57248,38,Faridabad,Male
87,Ananya Sharma,Operations,Specialist,11,91686,41,Pune,Female
88,Rahul Yadav,Sales,Associate,2,41162,22,Pune,Female
89,Aisha Verma,Sales,Executive,1,31217,45,Pune,Male
90,Isha Gupta,IT,Engineer,6,56725,25,Jaipur,Female
91,Arjun Mehta,Operations,Executive,7,63725,22,Pune,Male
92,Neha Gupta,IT,Executive,12,82102,43,Noida,Female
93,Aditya Verma,Operations,Engineer,7,69232,39,Noida,Male
94,Meera Malhotra,Operations,Manager,1,85216,42,Jaipur,Female
95,Vivaan Sharma,Marketing,Analyst,4,45961,33,Noida,Male
96,Aisha Patel,Marketing,Executive,8,62659,35,Pune,Male
97,Aarav Gupta,Operations,Manager,0,75959,40,Pune,Female
98,Rahul Mehta,Finance,Executive,11,70157,33,Gurugram,Female
99,Rahul Verma,Finance,Associate,7,60301,26,Noida,Male
100,Rohan Malhotra,IT,Analyst,6,57508,37,Pune,Female
101,Ananya Singh,Finance,Specialist,11,79582,23,Delhi,Male
102,Aisha Yadav,Finance,Executive,3,38147,35,Delhi,Female
103,Isha Verma,HR,Associate,9,58370,44,Noida,Male
104,Ananya Sharma,Operations,Specialist,4,50320,42,Jaipur,Female
105,Neha Mehta,IT,Specialist,6,75321,43,Noida,Male
106,Karan Yadav,Finance,Manager,3,80210,40,Faridabad,Male
107,Kabir Gupta,Marketing,Engineer,5,67438,45,Gurugram,Male
108,Isha Gupta,Operations,Associate,7,60659,32,Jaipur,Female
109,Arjun Sharma,Sales,Executive,5,47132,35,Delhi,Female
110,Rohan Singh,Operations,Specialist,5,67970,31,Noida,Male
111,Isha Verma,Operations,Specialist,1,63969,28,Gurugram,Female
112,Ananya Sharma,IT,Analyst,4,42385,31,Pune,Male
113,Vivaan Kumar,HR,Associate,0,36160,29,Gurugram,Female
114,Aarav Mehta,Marketing,Associate,2,44506,28,Noida,Male
115,Rohan Gupta,HR,Manager,11,106270,34,Gurugram,Female
116,Priya Malhotra,IT,Engineer,8,75766,38,Pune,Female
117,Aisha Sharma,IT,Associate,12,82361,37,Delhi,Male
118,Karan Mehta,HR,Executive,4,44095,27,Noida,Female
119,Arjun Sharma,Sales,Specialist,2,42649,27,Noida,Female
120,Ananya Sharma,Operations,Manager,5,95506,25,Noida,Male
121,Diya Malhotra,IT,Analyst,3,63068,42,Pune,Male
122,Karan Singh,Operations,Engineer,12,94814,28,Jaipur,Male
123,Isha Kumar,Sales,Engineer,11,97813,31,Pune,Female
124,Karan Jain,Finance,Specialist,5,77495,34,Noida,Female
125,Diya Singh,Sales,Executive,12,84074,25,Jaipur,Female
126,Meera Malhotra,IT,Executive,0,29444,42,Noida,Male
127,Isha Singh,Marketing,Specialist,7,68195,43,Delhi,Male
128,Aditya Mehta,Operations,Specialist,6,63708,35,Delhi,Male
129,Ananya Malhotra,HR,Analyst,9,66415,26,Gurugram,Male
130,Vivaan Sharma,HR,Executive,10,59416,32,Noida,Male
131,Rohan Mehta,IT,Specialist,7,62140,37,Jaipur,Male
132,Isha Verma,Operations,Associate,5,52440,37,Delhi,Female
133,Aisha Mehta,IT,Analyst,0,49751,27,Delhi,Female
134,Aditya Mehta,HR,Manager,6,92231,37,Jaipur,Male
135,Aditya Verma,Finance,Specialist,7,58944,42,Faridabad,Male
136,Aditya Singh,IT,Executive,5,58406,28,Jaipur,Male
137,Meera Sharma,Sales,Associate,9,70332,38,Jaipur,Female
138,Rahul Gupta,HR,Analyst,8,60714,28,Pune,Male
139,Karan Verma,HR,Manager,2,78002,44,Pune,Female
140,Arjun Singh,Operations,Specialist,10,87848,42,Jaipur,Female
141,Rohan Gupta,Operations,Executive,6,66542,39,Faridabad,Male
142,Vivaan Sharma,Operations,Engineer,1,58889,40,Noida,Female
143,Rohan Kumar,Marketing,Executive,2,32103,29,Gurugram,Male
144,Arjun Malhotra,Marketing,Engineer,2,61242,32,Delhi,Female
145,Aarav Verma,HR,Specialist,7,70360,37,Pune,Male
146,Ananya Jain,IT,Executive,12,80335,42,Pune,Male
147,Kabir Verma,Operations,Specialist,3,64221,30,Faridabad,Male
148,Aarav Kumar,IT,Specialist,1,57559,26,Gurugram,Female
149,Aisha Yadav,HR,Manager,9,98530,28,Gurugram,Female
150,Rohan Jain,Finance,Manager,8,93476,33,Delhi,Female
